title,score
بنعلي: القضاء ينتصر لصالح جبهة القوى,0
قيادة العدالة والتنمية ترفض ملتمس الرقابة,0
أخنوش يمثل الملك في ذكرى الإبادة برواندا,0
صراع الاستقلاليين .. الوساطات تراكم الفشل في الدفع نحو سحب الشكايات,0
"مصير تجميد عضوية برلمانيين ينتظر انعقاد المجلس الوطني في ""البام""",0
"العثماني: مشاكل رئاسة الحكومة لا تنتهي .. و""البام"" لا يزال يحمل ""تشوّه البداية""",0
"لقاء دي ميستورا وبوريطة يثير سعار ""البوليساريو"" بإعلان مواصلة ""الكفاح المسلح""",0
إسرائيل تنفي إخلاء مكتب الاتصال بالرباط,0
الراشدي: حرب لإفشال مؤتمر الاستقلال,0
"""اللاءات الثلاث"" .. المغرب يحدد الخطوط الحمراء للمبعوث الأممي للصحراء",0
الملك يتسلم رسالة خطية من عاهل البحرين,0
"صفقات الدراسات تجر ""الاستقلال"" إلى المحكمة .. والراشدي: ""أجندة مفضوحة""",0
"الأغلبية الحكومية تطلق نقاشاً حول الحصيلة وتدعم العلمي لرئاسة ""النواب""",0
"باريس تبتغي ""شراكة فريدة"" مع الرباط",0
الحكومة تحدد جامعات خاصة شريكة للدولة,0
الحكومة تصادق على مرسوم تغذية الحيوانات,0
المغرب يذكّر ميستورا بثوابت موقف الرباط,0
"بايتاس: لا زيادة حالياً في سعر ""البوطا"" .. والاتفاق مع النقابات قريباً",0
المجلس الرئاسي الليبي يُقبر المبادرة الجزائرية ويراهن على الاتحاد المغاربي,0
المغرب يدعم السياحة الإيفوارية بالتكوين,0
الملك محمد السادس يهنئ رئيس السنغال,0
"المغرب يراقب أداء المسؤولين الفرنسيين في فتح ""صفحة جديدة"" بين البلدين",0
بوريل يثمن الشراكة المغربية الأوروبية,0
"المعارضة تراهن على الدورة الربيعية لتفادي ""سنة بيضاء"" في كليات الطب",0
حلف شمال الأطلسي يدعم مهارات الجيش المغربي في التعامل مع المتفجرات,0
تقارير تزعم التجسس على دبلوماسيين مغاربة,0
دلالات دعوة الملك كقائد وحيد من خارج المنطقة في حفل تنصيب رئيس السنغال,0
المعارضة تمهد لافتتاح الدورة البرلمانية الربيعية بلقاء رؤساء الفرق النيابية,0
ملف الصحراء المغربية في مجلس الأمن يحرج الجزائر قُبيل إحاطة دي ميستورا,0
موريتانيا تناقش المستجدات في الصحراء,0
العثماني: خروج أو دخول حزب إلى الحكومة حدث سياسي وليس نهاية العالم,0
تصنيف أمريكي: القوة المدفعية تبوئ الجيش المغربي المركز العشرين بالعالم,0
مستشارون يطالبون بالعناية بالرافد اليهودي,0
بنسعيد يبرز أهمية الثقافة والتاريخ في إنعاش السياحة واحتضان كأس العالم,0
الحكومة تدرس عطلة استثنائية في عيد الفطر‎,0
رئيس السينغال الجديد يستقبل الوفد المغربي,0
صلاة الظهر تثير جدلا بمجلس المستشارين,0
"وهبي يضغط لفرض ""السرية"" في لجنة العدل",0
أخنوش يمثل الملك في حفل تنصيب فاي,0
"""جبهة القوى"" تحذر الحكومة من البوتان",0
"خلفيات محاولة الجزائر إقحام ""الجامعة العربية"" في نزاع الصحراء المغربية",0
"اتحاديو فرنسا ينتقدون قيادة ""حزب الوردة""",0
"حقوقيون يرفضون ترحيل فرنسا مدانا بالإرهاب إلى المغرب ويطالبون بـ""الصرامة""",0
"ألباريس يوضح بشأن ""مناورات الأطلسي""",0
ملف الصحراء المغربية على طاولة مجلس الأمن الدولي في جلسة مغلقة,0
وضعية حراس الأمن تسائل الوزير السكوري,0
"المعارضة تنفي الاتفاق على ""ملتمس الرقابة"" ضد حكومة عزيز أخنوش",0
وزير الخارجية الليبي: المنطقة لا تحتاج كيانات جديدة .. ونتمسك بالاتحاد المغاربي,0
إيرلندا تجدد التشبث بجهود الأمم المتحدة لتسوية قضية الصحراء المغربية,0
مفتي القدس يشيد بالملك محمد السادس,0
حزب الاستقلال يتجاهل الخلافات في أشغال التحضير لانعقاد المؤتمر الوطني,0
"تبون يكرر ""أسطوانة مشروخة"" بشأن الصحراء ويتشبث بـ""نظرية المؤامرة""",0
"بنسعيد يكشف جديد خدمات موجَّهة للشباب ويُجدّد الدعوة لدعم ""الصحافة المعقولة""",0
"تقارير أمريكية وإسرائيلية تروج لمشاركة قوات عربية في ""حفظ السلام بغزة""",0
سجال سياسي حاد يسبق الإعلان عن تعديلات مدونة الأسرة في المغرب,0
"باحثون يستشرفون مآلات ""طوفان الأقصى""",0
"العثماني: هذه قصة دخول حزب ""الوردة"" في حكومتي.. وغضب بنكيران طبيعي",0
الولايات المتحدة الأمريكية تدعم المغرب في تعزيز قدرات طائرات مقاتلة,0
أخنوش يتسلم مقترحات مراجعة المدونة,0
أبو الغالي ينتقد تكريس النفاق الاجتماعي,0
"بنطلحة يقارب تكلفة السلام وحيثيات ""سيناريو الحرب العالمية الثالثة""",0
بوقنطار يقيّم تلاؤم الأحزاب السياسية المغربية مع تحديات الحكامة الجيدة,0
"مسيرة ترفع شعار ""وقف الإبادة في غزة""",0
مشروع القانون الجنائي ومدونة الأسرة ينذران بدورة برلمانية ربيعية ساخنة,0
"وكالة مال القدس تنهي ""السلة الغذائية""",0
"مضيان: ""كلشي في أمان الله"".. المنصوري: ""لن أتنازل عن الشكاية ولو على جثتي""",0
منشور حكومي يكشف عدم احترام إدارات ومؤسسات مسطرة إتلاف الأرشيف,0
مباحثات تجمع بنسعيد وسفير إسبانيا بالمغرب,0
التضامن مع فلسطين يدفع إسرائيل إلى تحذير مواطنيها من السفر للمغرب‎,0
أخنوش يثمن الجهود للوفاء باتفاق 30 أبريل,0
بنكيران: وهبي هُزم في معركة مدونة الأسرة .. والقرآن أعلى وثيقة في الدولة,0
"الاتحاد الاشتراكي يدافع عن ""صفقة الدراسات""",0
"عطب ""نور 3"" ينتظر توضيحات بنعلي",0
"الاعتراف بـ""التسرع ضد المغرب"" يفضح عشوائية عمل الدبلوماسية في الجزائر",0
"الزهراوي يربط الاندماج بين المغرب وموريتانيا بـ""نظام فيدرالي مشترك""",0
لكريني يستعرض مفاهيم الممارسة الديمقراطية بين خيارات الحرب والسلام,0
بايتاس: الحكومة تستبشر بالأمطار .. وتقليص المقاصة يمول الدعم الاجتماعي,0
"غرفة المشورة في استئنافية البيضاء تدخل ""لائحة اتهامات مبديع"" إلى المداولة",0
الاعتمادات المالية للدراسات تفجر نقاشات حادة داخل حزب الاتحاد الاشتراكي,0
مجلس الحكومة يقر تعييناتٍ بمناصب عليا,0
"وزير النقل يمنح فرصة ثانية لراسبي ""البيرمي"" ويأسف لتنامي فواجع الطرق",0
لقاء يرصد إسهامات المرأة المغربية المتصوفة,0
خبراء: المبعوث الأممي إلى الصحراء المغربية يكثف اللقاءات لتغطية الفشل,0
هل تتأثر مكانة حزب الاستقلال بتزايد حدة الصراعات والخلافات الداخلية؟,0
"الكونفدرالية الديمقراطية للشغل تضع ""ملفات حارقة"" على طاولة الحكومة",0
ميارة يذكر أخنوش بالزيادات في الأجور,0
"أزمة الاستقلاليين .. رفيعة المنصوري ترفض ""المصالحة"" وتتمسك بمتابعة مضيان",0
"رفض ربط مدونة الأسرة بالإيديولوجيا يوحد مواقف ""الأحرار"" و""الحركة الشعبية""",0
"""الحوار الاجتماعي"" يجمع بين أخنوش وميارة",0
ليبيا تستعجل استئناف الرحلات مع الرباط وتراهن على الاستثمارات المغربية,0
"وزير خارجية الجزائر: ملف عقارات السفارة بالرباط انتهى بقرار ""مغربي لائق""",0
"خلفيات احتجاج ""الكناري"" على مناورات عسكرية مغربية بالمحيط الأطلسي",0
"الرئيس السنغالي الجديد ديوماي فاي يكن الود للمغرب و""حساسية"" تجاه فرنسا",0
"العثماني: حركة ""20 فبراير"" رامت التغيير .. وانتخابات 2011 الأكثر نزاهة",0
"وهبي منزعج من كثرة ""حماة المال العام"" ويتمسك بالسرّيّة في لجنة العدل",0
الملك محمد السادس يهنئ ديوماي فاي,0
"المغرب يُصَدر ""الأمن الروحي"" إلى الدول الإفريقية لمواجهة التطرف والمد الشيعي",0
"وزير العدل يحث ""النواب الحداثيين"" على تسريع إقرار تعديلات مدونة الأسرة",0
أخنوش يرأس جولة جديدة للحوار الاجتماعي,0
تعيينات جديدة في مناصب أمنية بالمغرب,0
المغرب يرحب بقرار وقف إطلاق النار في غزة,0
"اتهام المهدي بنبركة بـ""الجبن"" يشعل غضب القيادات اليسارية في المغرب",0
رامو: ربط دول الساحل بالمحيط الأطلسي ينهي الاستغلال الأجنبي في إفريقيا,0
"الاتحاد الدستوري يستقبل ""طلبات التخليق""",0
حوار بوطالب مع الخطابي يصحح المفاهيم الخاطئة حول الريف زمن الاستعمار,0
"شكاية جديدة تستبق انطلاق التحقيق مع مضيان في قضية ""التسجيل الصوتي""",0
مسيرات صينية.. الجزائر تنقل التنافس العسكري مع المغرب من الأرض إلى السماء,0
أخنوش يترأس اجتماع لجنة مساواة الجنسين,0
"هجوم موسكو وصعود ""كيانات جهادية"" بإفريقيا يستدعيان يقظة المغرب",0
"بعد أشهر من ""البلوكاج"".. فتيحة المودني تخلف اغلالو في منصب عمدة الرباط",0
أخنوش يستقبل وفدا من الكونغرس الأمريكي,0
"مضيان يجمد رئاسة ""الفريق الاستقلالي""",0
"أخنوش يلتقي ""قيادات الأحرار"" في البيضاء ويحث على الوفاء بالوعود",0
تصريحات سفير فرنسا بشأن التدخل العسكري ضد البوليساريو تثير غضب الانفصاليين,0
"المغرب يستعد لتسلم طائرات أباتشي ""AH-64"" .. المروحية الأقوى في العالم",0
لقاء تأبيني يستحضر تضحيات آيت يدر .. حُكم بالإعدام ومواقف وطنية شجاعة,0
"""هجوم موسكو"" يكشف حاجة روسيا إلى الخبرة المغربية في مكافحة الإرهاب",0
المغرب يشارك في اتحاد البرلمان الدولي,0
الكموري تلاقي رئيسة برلمان جزر الكناري,0
العثماني: حرّرت ووقّعت رسالة موجهة إلى الملك بشأن أحداث 16 ماي الإرهابية,0
الملك يتمنى الازدهار للشعب الباكستاني,0
الملك محمد السادس يعزي الرئيس بوتين,0
البحياوي يحاضر أمام الملك بالدار البيضاء,0
"وزارة الاقتصاد: مخالفات ""الأداء الإلكتروني"" من اختصاص مجلس المنافسة",0
"""المعارضة النيابية"" تتطلع إلى تجاوب الحكومة مع مقترحات الدورة الربيعية",0
اتهامات المغرب بالتجسس تتكسر على صخرة تقرير الأجهزة الأمنية الإسبانية,0
المغرب يتضامن مع روسيا ضد الإرهاب,0
إسبانيا تتوقع تكثيف التعاون مع المغرب,0
تنامي التهديد الإرهابي في القارة الإفريقية يقلق كبار القادة العسكريين بأمريكا,0
الدبلوماسية الروسية تكثف الجهود بهدف البحث عن صيغ لإنهاء نزاع الصحراء,0
المغرب يقتسم تجارب التكوين مع الليبيين,0
الوردي تقارب نزع ملكية العقارات الجزائرية بين القانون الدبلوماسي والخاص,0
"التحضيرات تتواصل لعقد مؤتمر ""الاستقلال""",0
أبطوي يظهر في زيارة استقلاليين للضريح,0
"دراسة تسجل دعم ""العقيدة الدبلوماسية المغربية"" للقدرات الإنمائية الإفريقية",0
مباحثات تجمع وفدا فرنسيا بالمينورسو,0
العثماني: هكذا موّن الراحل الخطيب من فرنسا المقاومين المغاربة بالسلاح,0
تقرير الاستخبارات الإسبانية.. المغرب لا يمارس التجسّس على الجارة الشمالية,0
جبهة البوليساريو الانفصالية تحرض محتجزي تندوف ضد الوحدة الترابية للمملكة,0
ترتيب المغرب في التصنيف العالمي للتنمية البشرية يسائل القياس والمنهجية,0
سفير باريس: جيش فرنسا تدخل ضد البوليساريو .. ومعاهِدنا حاضرة بالصحراء,0
وهبي يعرض مستجدات المسطرة الجنائية,0
ذكرى محرر الأمة تجمع شخصيات مدنية وعسكرية بضريح محمد الخامس,0
بايتاس: الحوار الاجتماعي ينطلق الثلاثاء .. 3 نقاط في التنمية البشرية مؤشر إيجابي,0
الحكومة المغربية تطالب الاتحاد الأوروبي بحماية الشراكة من الاستفزازات,0
عجلة الحوار الاجتماعي بين الحكومة والنقابات تعود إلى الدوران في أبريل المقبل,0
الادعاء الأوروبي يدعم إلغاء اتفاق الصيد,0
"إشكالات تواجه ترسيم الحدود البحرية بين المغرب وإسبانيا.. و""الكناري"" تترقب",0
العمراني يتباحث مع مديرة صندوق النقد,0
سفير الصين يشيد بالعلاقات مع المغرب,0
بنطلحة يستعرض خلفيات احتجاج الجزائر على نزع ملكية العقارات بالرباط,0
"""الدروس الحسنية الرمضانية"".. تجربة إسلامية فريدة في حوار السلطة والعلماء",0
"""الأصالة والمعاصرة"" يجمد عضوية برلمانييْن‬",0
قرض فرنسي لدعم التعليم بالمغرب يثير جدلا وسط تساؤلات عن تعميم الإنجليزية,0
الاتحاد المغربي للشغل يحتفي بذكرى الميلاد,0
"""الرمح القاتل"" .. صواريخ مرعبة حيّرت الروس تعزز ترسانة الجيش المغربي",0
منظمة المرأة الاستقلالية تدعم المنصوري,0
طي الخلافات يشغل قيادة حزب الاستقلال,0
بعد تونس ومصر.. الاتحاد الأوروبي يحضّر لتوقيع اتفاقية للهجرة مع المغرب,0
مهني: المغرب يتعاطف مع شعب القبائل,0
النظام الداخلي للمجلس الأعلى للسلطة القضائية يصدر في الجريدة الرسمية,0
"العثماني: حسمنا مبكّرا في الموقف من النظام السياسي.. وهذه حكاية ""المصباح""",0
أخنوش يترأس جلسة لإصلاح أنظمة التقاعد,0
"أمريكا توافق على اقتناء المغرب لمنظومة صواريخ ""جافلين"" المضادة للدروع",0
الملك محمد السادس يهنئ الرئيس الروسي,0
"وثائق رسمية تفضح عدائية الجزائر في قضية ""نزع ملكية الممتلكات القنصلية""",0
هذه خلفيات احتجاج الخارجية الجزائرية على قرار نزع ملكية عقارات في الرباط,0
"بعد تقرير ""مجلس العدوي"".. فيدرالية اليسار ترسم صورة قاتمة عن الأحزاب",0
تقرير يستحضر مركزية قضية الصحراء في العلاقات المغربية الفرنسية,0
‎أخنوش يترأس جلسة حول منظومة التعليم,0
"وهبي يطمئن موظفي العدل بشأن ""البوانتاج""",0
نائب رئيس جامعة إسلامية بالهند يستحضر أمام الملك أهمية الدعوة الدينية,0
مصدر دبلوماسي يوضح حقيقة مصادرة ممتلكات السفارة الجزائرية بالرباط,0
مجلس الحكومة يتدارس المسطرة الجنائية,0
الملك يترأس بالرباط الدرس الحسني الثاني,0
"رابطة نسائية تعلن رفض ""عنف السياسة""",0
"بقاء بوتين على رأس ""الكرملين"" يضمن استدامة العلاقات المغربية الروسية",0
"""تكتم مجلس المنافسة"" يسائل الالتزامات بالحق في الحصول على المعلومة",0
"لشكر يختار الصمت في ""دعم الدراسات""",0
الحكومة تتوخى تعزيز شفافية الطلبيات العمومية عبر إحداث مرصد خاص,0
حلف شمال الأطلسي يراهن على الخبرات المغربية في مواجهة الإرهابيين,0
الجزائر تغضب من نزع ملكية عقارات لأجل المنفعة العامة في مدينة الرباط,0
حزب الاستقلال يسارع الزمن لتجاوز الخلافات قبل محطة المؤتمر أواخر أبريل,0
مفاوضات ليبية في المغرب تبحث تحسين أوضاع أهالي المنطقة الجنوبية,0
الظرفية الدولية تقرب المغرب من التوسط لإنهاء الحرب في قطاع غزة,0
العثماني: هكذا أمضيت سجني في درب مولاي الشريف.. ضربٌ وتقييد بالأصفاد,0
"""سومار"" الإسباني يسحب مشروع قانون تجنيس مواليد الصحراء المغربية",0
"الأمين العام لحلف ""الناتو"" يؤكد التنسيق مع المغرب في مكافحة الإرهاب",0
"حزب ""فوكس"" الإسباني.. صوت نشاز وسط دينامية شراكات الرباط ومدريد",0
صفقات الدراسات تغضب قيادات اتحادية,0
"من ""الطباسل"" إلى ""التصرفيق"" .. ماذا يحصل داخل حزب الاستقلال العريق؟",0
اليهود المغاربة يثمنون المبادرات الملكية,0
المغرب ينادي بمكافحة جماعية للمخدرات,0
"بنطلحة يستعرض سياقات ""سوء الفهم الكبير"" بين المغرب وجنوب إفريقيا",0
"""ترانسبرانسي"" تنتقد إجراء المساهمة الإبرائية",0
"تمويل الانفصال والإرهاب يصنف الجزائر ""الأكثر بؤسا"" في المغرب الكبير",0
خلاصات اجتماع تأهيل مناطق زلزال الحوز,0
"فرنسا تشيد بالأمن المغربي بعد اعتقال زعيم مافيا ""يودا مارسيليا""",0
تجارب جديدة تكشف قدرات درونات انتحارية بحوزة القوات المسلحة الملكية,0
يعقوبي يفتح باب الترشيح لخلافة أغلالو,0
بووانو يطلب توضيحات وزيرة الاقتصاد,0
"""البام"" يخطط لرئاسة مجلس النواب في النصف الثاني من الولاية التشريعية",0
"غموض يلف ""خوصصة"" بنايات الصحة",0
مشاريع التزويد بالماء تستنفر الحكومة .. والتقائية السياسات تحدد الأولويات,0
خطيب الأقصى: التعاطف المغربي صادق,0
"المغرب يعرض ""قرار الذكاء الاصطناعي""",0
"العثماني: وفاة باها طبيعية .. والثقافة طريق السياسة للانتصار على ""التحكم""",0
إدخال مساعدات المغرب إلى غزة برا يكشف استمرار علاقات الرباط وتل أبيب,0
هذه أبرز خلاصات اجتماع مجلس الحكومة,0
"المغرب يطلق ""عملية إنسانية"" في القدس",0
بايتاس: الإمكانيات المائية بالمغرب ضئيلة.. وتموين الأسواق بالخضر مضمون,0
فرنسا تشيد بإدخال المغرب مساعدات لفلسطين,0
"""مؤشر الإرهاب العالمي"" يصنف المغرب ضمن قائمة الدول الأكثر أمانا",0
القنصلية الأمريكية بمدينة الداخلة .. وعد إستراتيجي يترقب التنزيل الميداني,0
"حماة المال العام ينتظرون من الأحزاب إعادة ""أموال الدراسات"" إلى الدولة",0
فعاليات مغربية تؤسس تنسيقية دولية لمطالبة الجزائر بالصحراء الشرقية,0
تسجيل صوتي يزيد خلاف الاستقلاليين,0
برلمانيات مغربيات ينشطن في نيويورك,0
تعيينات جديدة بمواقع المسؤولية الأمنية,0
أخنوش يرأس اجتماع لجنة التزويد بالماء‬,0
"""الكلمة المسموعة"" للمغرب توصل ""مساعدات غزة"" عبر طريق بري غير مسبوق",0
نظام العسكر في الجزائر يخصص مقراً للأيتام لاحتضان الحزب الريفي الوهمي,0
منظمة التحرير: الشعب الفلسطيني يقدر كثيرا جهود الملك محمد السادس,0
تبون يزور باريس .. مناورة سياسية جزائرية أم استمرار للتوازنات الفرنسية؟,0
تسلم الرباط إدارة الأجواء في الصحراء المغربية يدفع البوليساريو إلى التخبط,0
"بعد ""واقعة الصفع"" .. الخلافات الداخلية توتر الأعصاب في حزب الاستقلال",0
الجعبري: ملك المغرب يقف بجانب غزة,0
رهانات المبادرة الأطلسية المغربية تحصد الإشادة في منطقة أمريكا اللاتينية,0
"العثماني: لا أُشبه عبد الإله بنكيران .. وأتمسك بمقولة ""حل الروبيني ينزل الما""",0
"""فتح"" تثمن دعم المغرب لشعب فلسطين",0
الملك محمد السادس يهنئ رئيس باكستان,0
الشوبكي: مساعدة غزة تعكس إنسانية الملك,0
طموح روسيا لحل النزاعات العربية يقود المبعوث الأممي للصحراء إلى موسكو,0
منظمة تنتصب طرفا ضد مسؤول حكومي,0
الملك محمد السادس يأمر بتوزيع مساعدة إنسانية لسكان غزة والقدس الشريف,0
تشدد الجيش المغربي في مكافحة الإرهاب يزرع الرعب وسط جبهة البوليساريو,0
"اتفاق بين أحزاب الأغلبية يبقي منصب عمودية العاصمة في يد ""الأحرار""",0
المغرب يشارك في إنزال المساعدات بغزة,0
رئيس السنغال يستعد للاستقرار بالمغرب,0
"حزب الأصالة والمعاصرة يتصدر مواجهي طرح ""البيجيدي"" في مدونة الأسرة",0
البوليساريو تستغل الخطاب الديني المتطرف في تجييش المحتجزين بتندوف,0
الفريق الاستقلالي يطالب بإعفاء مستشار وتوقيف المتورطين في واقعة الصفع,0
"أبو الغالي من الرحامنة: حداثيون وديمقراطيون على ""سنة الله ورسوله""",0
"المغرب ودول أمريكا اللاتينية.. تحديات سياسية تستدعي ""دبلوماسية براغماتية""",0
الطوب: أعيش ظروفا نفسية صعبة.. ولن أتنازل عن شكايتي ضد أبطوي,0
مباحثات تجمع ميارة وسفيرة كندا بالمغرب,0
خلاف الإسلاميين واليساريين حول المدونة يعيد سيناريو المسيرات إلى الواجهة,0
نقابة تندد بقصف مقر اتحاد العمال بغزة,0
بايدن يستقبل سفير المغرب في واشنطن,0
تدابير تواكب تطور سوق الملح في المغرب,0
ميارة ينوه بالعلاقات الأخوية مع الكويت,0
حموشي يجري مباحثات بالمملكة المتحدة,0
"الإرهاب و""المبادرة الأطلسية المغربية"" يبعدان موريتانيا عن المناورات الجزائرية",0
خطوة مشروع حقوقي مغاربي تنتظر الدعم,0
تقرير المجلس الأعلى للحسابات يلقي حجرا ثقيلا في بركة السياسة بالمغرب,0
بنطلحة يدعو صناع استراتيجيات الردع إلى الاعتناء بسيكولوجية اتخاذ القرار‬,0
ميارة يستقبل سفير جمهورية الفلبين بالمغرب,0
سفير المغرب يقدم أوراق اعتماده بأبوظبي,0
بوريطة: التزام المغرب بدعم فلسطين ثابت وملموس ولا يخضع للمزايدات,0
الملك محمد السادس يثمن التعاون مع غانا,0
الجيش المغربي يختبر القدرات الحقيقية لطائرة عسكرية برازيلية متعددة المهام,0
عمر هلال يسير القمة الاجتماعية العالمية,0
"""صفع برلماني"" يتفاعل بحزب الاستقلال",0
"بن الشيخ : الفرنسيون يحبون المغرب .. و""الفرنكوفونية"" تراث مشترك للبلدين",0
الشراكة العسكرية المغربية الألمانية تعزز مخطط الرباط في الصناعة الدفاعية,0
"""سيبيرانية"" الدبلوماسية المغربية تصطدم بتأخر الرقمنة وتحديات الاختراق",0
مباحثات ثنائية تجمع بين بنسعيد ووزير كيني,0
"""اتحاد مغاربي من 3 دول"" .. مناورة جزائرية تستهدف تقسيم بلدان المنطقة",0
المغرب يجدد التضامن الكامل مع فلسطين,0
"شكاية إلى النيابة العامة تطالب بالتحقيق مع زعماء أحزاب في ""دعم الدراسات""",0
السيدة الأولى لكوت ديفوار تحل بالمغرب,0
حزب الاستقلال يستعد للمؤتمر الثامن عشر,0
"حصيلة تخفيف آثار البرد في ""مناطق الزلزال""",0
تبون يحاول توريط موريتانيا في تنسيق جديد,0
مدونة الأسرة توتر علاقة بنكيران وبنعبد الله,0
"العلمي: البرلمان المغربي يتطلع إلى ""تعميق الشراكة"" مع مجلس أوروبا",0
"تعديل مدونة الأسرة ينعش خطاب ""البيجيدي"" رغم استمرار الخلاف الحزبي",0
تقرير يسجل تعزيز المبادرة الأطلسية لمكانة إفريقيا في الاقتصاد العالمي,0
الكنبوري يرصد الحاجة إلى إمارة المؤمنين لصون الاستقرار الديني بالمغرب,0
البرلمان يحتضن ندوة دولية لتقييم القوانين,0
"الصحة والماء تستأثران بعناية ""شبيبة الأحرار""",0
"النظام العسكري الجزائري يُصر على دق المسامير في نعش ""الاتحاد المغاربي""",0
التعاون العسكري يجمع المغرب وألمانيا,0
حموني: تصريحات بنكيران تحرض على الفتنة,0
"""صفعة الاستقلال"" تعيد النقاش حول ظاهرة العنف داخل الأحزاب المغربية",0
مغاربة يطلقون عريضة إلكترونية للدعوة إلى القطيعة بين الرباط وتل أبيب,0
جدول أعمال مجلس الحكومة الخميس المقبل,0
"الجزائر وإيران يعلنان ""تطابق التصورات"" في التحرش بمغربية الصحراء",0
"الانتقاد يطال دعم ""الدراسات الاتحادية"" .. ولشكر: موقف دون الصفة التنظيمية",0
"المغرب يتقدم في ترتيب ""القوة الناعمة""",0
"فرنسا تقترب من مغادرة ""المنطقة الرمادية"" في قضية الصحراء المغربية",0
إلزام الأئمة باللغة والعلمانية في فرنسا يربك مستقبل التعاون الديني مع المغرب,0
"الخليفة يحذر المغاربة من اتفاقية ""سيداو""",0
"""البيجيدي"" ينفي التنسيق مع حزب الاتحاد الاشتراكي لإسقاط ""حكومة أخنوش""",0
المغرب يحبط مناورة بالبرلمان الأوروبي,0
"""الصفع"" يوقف قياديين بحزب الاستقلال",0
"بنكيران يلوح بـ""مسيرة مليونية"" أمام خلاصات لجنة تعديل مدونة الأسرة",0
البديوي وبوريطة يوقعان اتفاقية ثقافية,0
تحركات انفصالية تسبق تسليم إسبانيا إدارة المجال الجوي للصحراء إلى المغرب,0
دول الخليج تشيد بمبادرة الملك الأطلسية,0
"المغرب يدين بشدة ""مجزرة شارع الرشيد""",0
سفير المغرب يقدم أوراق اعتماده في الأردن,0
التعاون الخليجي يجدد دعم مغربية الصحراء,0
الملك يرسل برقية تهنئة إلى رئيس بلغاريا,0
صفع برلماني في المجلس الوطني للاستقلال .. والقيادة تتشبث بفضيلة الحوار,0
بنطلحة يستحضر ضرورة نشر الوعي المعرفي بعدالة قضية الصحراء المغربية,0
"بايتاس ينتقد استخدام ""البيجيدي"" للعنف اللفظي وتسفيه المجهود الحكومي",0
الخارجية الأمريكية: المغرب فضاء للاستقرار,0
"""نساء الأحرار"": تمكين المرأة مطلب ضروري.. والدعم المباشر يصون كرامة الأسر",0
"رئيس ""المينورسو"" يلتقي بالرباط سفراء الدول دائمة العضوية بمجلس الأمن",0
"بنخضراء تُشيد برعاية أوراش ""الدولة الاجتماعية"" لقضايا الأسرة المغربية",0
"""البام"" يوضح وضعية مركز الدراسات",0
