title,score,keywords
بنعلي: القضاء ينتصر لصالح جبهة القوى,1,بنعلي القضاء ينتصر لصالح جبهة القوى
قيادة العدالة والتنمية ترفض ملتمس الرقابة,1,قيادة العدالة والتنمية ترفض ملتمس الرقابة
أخنوش يمثل الملك في ذكرى الإبادة برواندا,8,أخنوش يمثل الملك ذكرى الإبادة برواندا
صراع الاستقلاليين .. الوساطات تراكم الفشل في الدفع نحو سحب الشكايات,1,صراع الاستقلاليين الوساطات تراكم الفشل الدفع سحب الشكايات
"مصير تجميد عضوية برلمانيين ينتظر انعقاد المجلس الوطني في ""البام""",2,مصير تجميد عضوية برلمانيين ينتظر انعقاد المجلس الوطني البام
"العثماني: مشاكل رئاسة الحكومة لا تنتهي .. و""البام"" لا يزال يحمل ""تشوّه البداية""",9,العثماني مشاكل رئاسة الحكومة تنتهي البام يزال يحمل البداية
"لقاء دي ميستورا وبوريطة يثير سعار ""البوليساريو"" بإعلان مواصلة ""الكفاح المسلح""",10,لقاء دي ميستورا وبوريطة يثير سعار البوليساريو بإعلان مواصلة الكفاح المسلح
إسرائيل تنفي إخلاء مكتب الاتصال بالرباط,7,إسرائيل تنفي إخلاء مكتب الاتصال بالرباط
الراشدي: حرب لإفشال مؤتمر الاستقلال,2,الراشدي حرب لإفشال مؤتمر الاستقلال
"""اللاءات الثلاث"" .. المغرب يحدد الخطوط الحمراء للمبعوث الأممي للصحراء",0,اللاءات الثلاث المغرب يحدد الخطوط الحمراء للمبعوث الأممي للصحراء
الملك يتسلم رسالة خطية من عاهل البحرين,9,الملك يتسلم رسالة خطية عاهل البحرين
"صفقات الدراسات تجر ""الاستقلال"" إلى المحكمة .. والراشدي: ""أجندة مفضوحة""",1,صفقات الدراسات تجر الاستقلال المحكمة والراشدي أجندة مفضوحة
"الأغلبية الحكومية تطلق نقاشاً حول الحصيلة وتدعم العلمي لرئاسة ""النواب""",1,الأغلبية الحكومية تطلق حول الحصيلة وتدعم العلمي لرئاسة النواب
"باريس تبتغي ""شراكة فريدة"" مع الرباط",7,باريس تبتغي شراكة فريدة الرباط
الحكومة تحدد جامعات خاصة شريكة للدولة,5,الحكومة تحدد جامعات شريكة للدولة
الحكومة تصادق على مرسوم تغذية الحيوانات,1,الحكومة تصادق مرسوم تغذية الحيوانات
المغرب يذكّر ميستورا بثوابت موقف الرباط,4,المغرب ميستورا بثوابت موقف الرباط
"بايتاس: لا زيادة حالياً في سعر ""البوطا"" .. والاتفاق مع النقابات قريباً",0,بايتاس زيادة سعر البوطا والاتفاق النقابات
المجلس الرئاسي الليبي يُقبر المبادرة الجزائرية ويراهن على الاتحاد المغاربي,9,المجلس الرئاسي الليبي المبادرة الجزائرية ويراهن الاتحاد المغاربي
المغرب يدعم السياحة الإيفوارية بالتكوين,10,المغرب يدعم السياحة الإيفوارية بالتكوين
الملك محمد السادس يهنئ رئيس السنغال,10,الملك محمد السادس يهنئ رئيس السنغال
"المغرب يراقب أداء المسؤولين الفرنسيين في فتح ""صفحة جديدة"" بين البلدين",10,المغرب يراقب أداء المسؤولين الفرنسيين فتح صفحة جديدة البلدين
بوريل يثمن الشراكة المغربية الأوروبية,9,بوريل يثمن الشراكة المغربية الأوروبية
"المعارضة تراهن على الدورة الربيعية لتفادي ""سنة بيضاء"" في كليات الطب",2,المعارضة تراهن الدورة الربيعية لتفادي سنة بيضاء كليات الطب
حلف شمال الأطلسي يدعم مهارات الجيش المغربي في التعامل مع المتفجرات,1,حلف الأطلسي يدعم مهارات الجيش المغربي التعامل المتفجرات
تقارير تزعم التجسس على دبلوماسيين مغاربة,2,تقارير تزعم التجسس دبلوماسيين مغاربة
دلالات دعوة الملك كقائد وحيد من خارج المنطقة في حفل تنصيب رئيس السنغال,8,دلالات دعوة الملك كقائد وحيد خارج المنطقة حفل تنصيب رئيس السنغال
المعارضة تمهد لافتتاح الدورة البرلمانية الربيعية بلقاء رؤساء الفرق النيابية,1,المعارضة تمهد لافتتاح الدورة البرلمانية الربيعية بلقاء رؤساء الفرق النيابية
ملف الصحراء المغربية في مجلس الأمن يحرج الجزائر قُبيل إحاطة دي ميستورا,9,ملف الصحراء المغربية مجلس الأمن يحرج الجزائر إحاطة دي ميستورا
موريتانيا تناقش المستجدات في الصحراء,1,موريتانيا تناقش المستجدات الصحراء
العثماني: خروج أو دخول حزب إلى الحكومة حدث سياسي وليس نهاية العالم,10,العثماني خروج دخول حزب الحكومة حدث سياسي وليس نهاية العالم
تصنيف أمريكي: القوة المدفعية تبوئ الجيش المغربي المركز العشرين بالعالم,10,تصنيف أمريكي القوة المدفعية تبوئ الجيش المغربي المركز العشرين بالعالم
مستشارون يطالبون بالعناية بالرافد اليهودي,9,مستشارون يطالبون بالعناية بالرافد اليهودي
بنسعيد يبرز أهمية الثقافة والتاريخ في إنعاش السياحة واحتضان كأس العالم,10,بنسعيد يبرز أهمية الثقافة والتاريخ إنعاش السياحة واحتضان كأس العالم
الحكومة تدرس عطلة استثنائية في عيد الفطر‎,4,الحكومة تدرس عطلة استثنائية عيد
رئيس السينغال الجديد يستقبل الوفد المغربي,9,رئيس السينغال الجديد يستقبل الوفد المغربي
صلاة الظهر تثير جدلا بمجلس المستشارين,1,صلاة الظهر تثير جدلا بمجلس المستشارين
"وهبي يضغط لفرض ""السرية"" في لجنة العدل",4,وهبي يضغط لفرض السرية لجنة العدل
أخنوش يمثل الملك في حفل تنصيب فاي,3,أخنوش يمثل الملك حفل تنصيب فاي
"""جبهة القوى"" تحذر الحكومة من البوتان",2,جبهة القوى تحذر الحكومة البوتان
"خلفيات محاولة الجزائر إقحام ""الجامعة العربية"" في نزاع الصحراء المغربية",7,خلفيات محاولة الجزائر إقحام الجامعة العربية نزاع الصحراء المغربية
"اتحاديو فرنسا ينتقدون قيادة ""حزب الوردة""",9,اتحاديو فرنسا ينتقدون قيادة حزب الوردة
"حقوقيون يرفضون ترحيل فرنسا مدانا بالإرهاب إلى المغرب ويطالبون بـ""الصرامة""",9,حقوقيون يرفضون ترحيل فرنسا مدانا بالإرهاب المغرب ويطالبون بـ الصرامة
"ألباريس يوضح بشأن ""مناورات الأطلسي""",9,ألباريس يوضح بشأن مناورات الأطلسي
ملف الصحراء المغربية على طاولة مجلس الأمن الدولي في جلسة مغلقة,10,ملف الصحراء المغربية طاولة مجلس الأمن الدولي جلسة مغلقة
وضعية حراس الأمن تسائل الوزير السكوري,1,وضعية حراس الأمن تسائل الوزير السكوري
"المعارضة تنفي الاتفاق على ""ملتمس الرقابة"" ضد حكومة عزيز أخنوش",1,المعارضة تنفي الاتفاق ملتمس الرقابة ضد حكومة عزيز أخنوش
وزير الخارجية الليبي: المنطقة لا تحتاج كيانات جديدة .. ونتمسك بالاتحاد المغاربي,9,وزير الخارجية الليبي المنطقة تحتاج كيانات جديدة ونتمسك بالاتحاد المغاربي
إيرلندا تجدد التشبث بجهود الأمم المتحدة لتسوية قضية الصحراء المغربية,8,إيرلندا تجدد التشبث بجهود الأمم المتحدة لتسوية قضية الصحراء المغربية
مفتي القدس يشيد بالملك محمد السادس,9,مفتي القدس يشيد بالملك محمد السادس
حزب الاستقلال يتجاهل الخلافات في أشغال التحضير لانعقاد المؤتمر الوطني,1,حزب الاستقلال يتجاهل الخلافات أشغال التحضير لانعقاد المؤتمر الوطني
"تبون يكرر ""أسطوانة مشروخة"" بشأن الصحراء ويتشبث بـ""نظرية المؤامرة""",8,تبون يكرر أسطوانة مشروخة بشأن الصحراء ويتشبث بـ نظرية المؤامرة
"بنسعيد يكشف جديد خدمات موجَّهة للشباب ويُجدّد الدعوة لدعم ""الصحافة المعقولة""",1,بنسعيد يكشف جديد خدمات للشباب الدعوة لدعم الصحافة المعقولة
"تقارير أمريكية وإسرائيلية تروج لمشاركة قوات عربية في ""حفظ السلام بغزة""",9,تقارير أمريكية وإسرائيلية تروج لمشاركة قوات عربية حفظ السلام بغزة
سجال سياسي حاد يسبق الإعلان عن تعديلات مدونة الأسرة في المغرب,2,سجال سياسي حاد يسبق الإعلان تعديلات مدونة الأسرة المغرب
"باحثون يستشرفون مآلات ""طوفان الأقصى""",10,باحثون يستشرفون مآلات طوفان الأقصى
"العثماني: هذه قصة دخول حزب ""الوردة"" في حكومتي.. وغضب بنكيران طبيعي",1,العثماني قصة دخول حزب الوردة حكومتي وغضب بنكيران طبيعي
الولايات المتحدة الأمريكية تدعم المغرب في تعزيز قدرات طائرات مقاتلة,10,الولايات المتحدة الأمريكية تدعم المغرب تعزيز قدرات طائرات مقاتلة
أخنوش يتسلم مقترحات مراجعة المدونة,5,أخنوش يتسلم مقترحات مراجعة المدونة
أبو الغالي ينتقد تكريس النفاق الاجتماعي,5,الغالي ينتقد تكريس النفاق الاجتماعي
"بنطلحة يقارب تكلفة السلام وحيثيات ""سيناريو الحرب العالمية الثالثة""",5,بنطلحة يقارب تكلفة السلام وحيثيات سيناريو الحرب العالمية الثالثة
بوقنطار يقيّم تلاؤم الأحزاب السياسية المغربية مع تحديات الحكامة الجيدة,3,بوقنطار تلاؤم الأحزاب السياسية المغربية تحديات الحكامة الجيدة
"مسيرة ترفع شعار ""وقف الإبادة في غزة""",9,مسيرة ترفع شعار وقف الإبادة غزة
مشروع القانون الجنائي ومدونة الأسرة ينذران بدورة برلمانية ربيعية ساخنة,3,مشروع القانون الجنائي ومدونة الأسرة ينذران بدورة برلمانية ربيعية ساخنة
"وكالة مال القدس تنهي ""السلة الغذائية""",8,وكالة مال القدس تنهي السلة الغذائية
"مضيان: ""كلشي في أمان الله"".. المنصوري: ""لن أتنازل عن الشكاية ولو على جثتي""",1,مضيان كلشي أمان الله المنصوري أتنازل الشكاية جثتي
منشور حكومي يكشف عدم احترام إدارات ومؤسسات مسطرة إتلاف الأرشيف,1,منشور حكومي يكشف عدم احترام إدارات ومؤسسات مسطرة إتلاف الأرشيف
مباحثات تجمع بنسعيد وسفير إسبانيا بالمغرب,9,مباحثات تجمع بنسعيد وسفير إسبانيا بالمغرب
التضامن مع فلسطين يدفع إسرائيل إلى تحذير مواطنيها من السفر للمغرب‎,9,التضامن فلسطين يدفع إسرائيل تحذير مواطنيها السفر
أخنوش يثمن الجهود للوفاء باتفاق 30 أبريل,1,أخنوش يثمن الجهود للوفاء باتفاق
بنكيران: وهبي هُزم في معركة مدونة الأسرة .. والقرآن أعلى وثيقة في الدولة,1,بنكيران وهبي معركة مدونة الأسرة والقرآن أعلى وثيقة الدولة
"الاتحاد الاشتراكي يدافع عن ""صفقة الدراسات""",1,الاتحاد الاشتراكي يدافع صفقة الدراسات
"عطب ""نور 3"" ينتظر توضيحات بنعلي",1,عطب نور ينتظر توضيحات بنعلي
"الاعتراف بـ""التسرع ضد المغرب"" يفضح عشوائية عمل الدبلوماسية في الجزائر",9,الاعتراف بـ التسرع ضد المغرب يفضح عشوائية عمل الدبلوماسية الجزائر
"الزهراوي يربط الاندماج بين المغرب وموريتانيا بـ""نظام فيدرالي مشترك""",8,الزهراوي يربط الاندماج المغرب وموريتانيا بـ نظام فيدرالي مشترك
لكريني يستعرض مفاهيم الممارسة الديمقراطية بين خيارات الحرب والسلام,7,لكريني يستعرض مفاهيم الممارسة الديمقراطية خيارات الحرب والسلام
بايتاس: الحكومة تستبشر بالأمطار .. وتقليص المقاصة يمول الدعم الاجتماعي,1,بايتاس الحكومة تستبشر بالأمطار وتقليص المقاصة يمول الدعم الاجتماعي
"غرفة المشورة في استئنافية البيضاء تدخل ""لائحة اتهامات مبديع"" إلى المداولة",1,غرفة المشورة استئنافية البيضاء تدخل لائحة اتهامات مبديع المداولة
الاعتمادات المالية للدراسات تفجر نقاشات حادة داخل حزب الاتحاد الاشتراكي,1,الاعتمادات المالية للدراسات تفجر نقاشات حادة داخل حزب الاتحاد الاشتراكي
مجلس الحكومة يقر تعييناتٍ بمناصب عليا,3,مجلس الحكومة يقر بمناصب عليا
"وزير النقل يمنح فرصة ثانية لراسبي ""البيرمي"" ويأسف لتنامي فواجع الطرق",4,وزير النقل يمنح فرصة ثانية لراسبي البيرمي ويأسف لتنامي فواجع الطرق
لقاء يرصد إسهامات المرأة المغربية المتصوفة,2,لقاء يرصد إسهامات المرأة المغربية المتصوفة
خبراء: المبعوث الأممي إلى الصحراء المغربية يكثف اللقاءات لتغطية الفشل,8,خبراء المبعوث الأممي الصحراء المغربية يكثف اللقاءات لتغطية الفشل
هل تتأثر مكانة حزب الاستقلال بتزايد حدة الصراعات والخلافات الداخلية؟,1,تتأثر مكانة حزب الاستقلال بتزايد حدة الصراعات والخلافات
"الكونفدرالية الديمقراطية للشغل تضع ""ملفات حارقة"" على طاولة الحكومة",3,الكونفدرالية الديمقراطية للشغل تضع ملفات حارقة طاولة الحكومة
ميارة يذكر أخنوش بالزيادات في الأجور,3,ميارة يذكر أخنوش بالزيادات الأجور
"أزمة الاستقلاليين .. رفيعة المنصوري ترفض ""المصالحة"" وتتمسك بمتابعة مضيان",4,أزمة الاستقلاليين رفيعة المنصوري ترفض المصالحة وتتمسك بمتابعة مضيان
"رفض ربط مدونة الأسرة بالإيديولوجيا يوحد مواقف ""الأحرار"" و""الحركة الشعبية""",3,رفض ربط مدونة الأسرة بالإيديولوجيا يوحد مواقف الأحرار الحركة الشعبية
"""الحوار الاجتماعي"" يجمع بين أخنوش وميارة",4,الحوار الاجتماعي يجمع أخنوش وميارة
ليبيا تستعجل استئناف الرحلات مع الرباط وتراهن على الاستثمارات المغربية,2,ليبيا تستعجل استئناف الرحلات الرباط وتراهن الاستثمارات المغربية
"وزير خارجية الجزائر: ملف عقارات السفارة بالرباط انتهى بقرار ""مغربي لائق""",9,وزير خارجية الجزائر ملف عقارات السفارة بالرباط انتهى بقرار مغربي لائق
"خلفيات احتجاج ""الكناري"" على مناورات عسكرية مغربية بالمحيط الأطلسي",8,خلفيات احتجاج الكناري مناورات عسكرية مغربية بالمحيط الأطلسي
"الرئيس السنغالي الجديد ديوماي فاي يكن الود للمغرب و""حساسية"" تجاه فرنسا",8,الرئيس السنغالي الجديد ديوماي فاي يكن الود للمغرب حساسية فرنسا
"العثماني: حركة ""20 فبراير"" رامت التغيير .. وانتخابات 2011 الأكثر نزاهة",4,العثماني حركة رامت التغيير وانتخابات الأكثر نزاهة
"وهبي منزعج من كثرة ""حماة المال العام"" ويتمسك بالسرّيّة في لجنة العدل",3,وهبي منزعج كثرة حماة المال العام ويتمسك لجنة العدل
الملك محمد السادس يهنئ ديوماي فاي,2,الملك محمد السادس يهنئ ديوماي فاي
"المغرب يُصَدر ""الأمن الروحي"" إلى الدول الإفريقية لمواجهة التطرف والمد الشيعي",2,المغرب الأمن الروحي الدول الإفريقية لمواجهة التطرف والمد الشيعي
"وزير العدل يحث ""النواب الحداثيين"" على تسريع إقرار تعديلات مدونة الأسرة",3,وزير العدل يحث النواب الحداثيين تسريع إقرار تعديلات مدونة الأسرة
أخنوش يرأس جولة جديدة للحوار الاجتماعي,2,أخنوش يرأس جولة جديدة للحوار الاجتماعي
تعيينات جديدة في مناصب أمنية بالمغرب,1,تعيينات جديدة مناصب أمنية بالمغرب
المغرب يرحب بقرار وقف إطلاق النار في غزة,9,المغرب يرحب بقرار وقف إطلاق النار غزة
"اتهام المهدي بنبركة بـ""الجبن"" يشعل غضب القيادات اليسارية في المغرب",4,اتهام المهدي بنبركة بـ الجبن يشعل غضب القيادات اليسارية المغرب
رامو: ربط دول الساحل بالمحيط الأطلسي ينهي الاستغلال الأجنبي في إفريقيا,10,رامو ربط دول الساحل بالمحيط الأطلسي ينهي الاستغلال الأجنبي إفريقيا
"الاتحاد الدستوري يستقبل ""طلبات التخليق""",4,الاتحاد الدستوري يستقبل طلبات التخليق
حوار بوطالب مع الخطابي يصحح المفاهيم الخاطئة حول الريف زمن الاستعمار,2,حوار بوطالب الخطابي يصحح المفاهيم الخاطئة حول الريف زمن الاستعمار
"شكاية جديدة تستبق انطلاق التحقيق مع مضيان في قضية ""التسجيل الصوتي""",1,شكاية جديدة تستبق انطلاق التحقيق مضيان قضية التسجيل الصوتي
مسيرات صينية.. الجزائر تنقل التنافس العسكري مع المغرب من الأرض إلى السماء,1,مسيرات صينية الجزائر تنقل التنافس العسكري المغرب الأرض السماء
أخنوش يترأس اجتماع لجنة مساواة الجنسين,2,أخنوش يترأس اجتماع لجنة مساواة الجنسين
"هجوم موسكو وصعود ""كيانات جهادية"" بإفريقيا يستدعيان يقظة المغرب",3,هجوم موسكو وصعود كيانات جهادية بإفريقيا يستدعيان يقظة المغرب
"بعد أشهر من ""البلوكاج"".. فتيحة المودني تخلف اغلالو في منصب عمدة الرباط",4,أشهر البلوكاج فتيحة المودني تخلف اغلالو منصب عمدة الرباط
أخنوش يستقبل وفدا من الكونغرس الأمريكي,10,أخنوش يستقبل وفدا الكونغرس الأمريكي
"مضيان يجمد رئاسة ""الفريق الاستقلالي""",2,مضيان يجمد رئاسة الفريق الاستقلالي
"أخنوش يلتقي ""قيادات الأحرار"" في البيضاء ويحث على الوفاء بالوعود",2,أخنوش يلتقي قيادات الأحرار البيضاء ويحث الوفاء بالوعود
تصريحات سفير فرنسا بشأن التدخل العسكري ضد البوليساريو تثير غضب الانفصاليين,10,تصريحات سفير فرنسا بشأن التدخل العسكري ضد البوليساريو تثير غضب الانفصاليين
"المغرب يستعد لتسلم طائرات أباتشي ""AH-64"" .. المروحية الأقوى في العالم",10,المغرب يستعد لتسلم طائرات أباتشي المروحية الأقوى العالم
لقاء تأبيني يستحضر تضحيات آيت يدر .. حُكم بالإعدام ومواقف وطنية شجاعة,1,لقاء تأبيني يستحضر تضحيات آيت يدر بالإعدام ومواقف وطنية شجاعة
"""هجوم موسكو"" يكشف حاجة روسيا إلى الخبرة المغربية في مكافحة الإرهاب",1,هجوم موسكو يكشف حاجة روسيا الخبرة المغربية مكافحة الإرهاب
المغرب يشارك في اتحاد البرلمان الدولي,1,المغرب يشارك اتحاد البرلمان الدولي
الكموري تلاقي رئيسة برلمان جزر الكناري,7,الكموري تلاقي رئيسة برلمان جزر الكناري
العثماني: حرّرت ووقّعت رسالة موجهة إلى الملك بشأن أحداث 16 ماي الإرهابية,1,العثماني رسالة موجهة الملك بشأن أحداث الإرهابية
الملك يتمنى الازدهار للشعب الباكستاني,10,الملك يتمنى الازدهار للشعب الباكستاني
الملك محمد السادس يعزي الرئيس بوتين,10,الملك محمد السادس يعزي الرئيس بوتين
البحياوي يحاضر أمام الملك بالدار البيضاء,1,البحياوي يحاضر الملك بالدار البيضاء
"وزارة الاقتصاد: مخالفات ""الأداء الإلكتروني"" من اختصاص مجلس المنافسة",2,وزارة الاقتصاد مخالفات الأداء الإلكتروني اختصاص مجلس المنافسة
"""المعارضة النيابية"" تتطلع إلى تجاوب الحكومة مع مقترحات الدورة الربيعية",3,المعارضة النيابية تتطلع تجاوب الحكومة مقترحات الدورة الربيعية
اتهامات المغرب بالتجسس تتكسر على صخرة تقرير الأجهزة الأمنية الإسبانية,10,اتهامات المغرب بالتجسس تتكسر صخرة تقرير الأجهزة الأمنية الإسبانية
المغرب يتضامن مع روسيا ضد الإرهاب,2,المغرب يتضامن روسيا ضد الإرهاب
إسبانيا تتوقع تكثيف التعاون مع المغرب,4,إسبانيا تتوقع تكثيف التعاون المغرب
تنامي التهديد الإرهابي في القارة الإفريقية يقلق كبار القادة العسكريين بأمريكا,10,تنامي التهديد الإرهابي القارة الإفريقية يقلق كبار القادة العسكريين بأمريكا
الدبلوماسية الروسية تكثف الجهود بهدف البحث عن صيغ لإنهاء نزاع الصحراء,8,الدبلوماسية الروسية تكثف الجهود بهدف البحث صيغ لإنهاء نزاع الصحراء
المغرب يقتسم تجارب التكوين مع الليبيين,9,المغرب يقتسم تجارب التكوين الليبيين
الوردي تقارب نزع ملكية العقارات الجزائرية بين القانون الدبلوماسي والخاص,7,الوردي تقارب نزع ملكية العقارات الجزائرية القانون الدبلوماسي والخاص
"التحضيرات تتواصل لعقد مؤتمر ""الاستقلال""",1,التحضيرات تتواصل لعقد مؤتمر الاستقلال
أبطوي يظهر في زيارة استقلاليين للضريح,2,أبطوي يظهر زيارة استقلاليين للضريح
"دراسة تسجل دعم ""العقيدة الدبلوماسية المغربية"" للقدرات الإنمائية الإفريقية",10,دراسة تسجل دعم العقيدة الدبلوماسية المغربية للقدرات الإنمائية الإفريقية
مباحثات تجمع وفدا فرنسيا بالمينورسو,8,مباحثات تجمع وفدا فرنسيا بالمينورسو
العثماني: هكذا موّن الراحل الخطيب من فرنسا المقاومين المغاربة بالسلاح,7,العثماني الراحل الخطيب فرنسا المقاومين المغاربة بالسلاح
تقرير الاستخبارات الإسبانية.. المغرب لا يمارس التجسّس على الجارة الشمالية,8,تقرير الاستخبارات الإسبانية المغرب يمارس الجارة الشمالية
جبهة البوليساريو الانفصالية تحرض محتجزي تندوف ضد الوحدة الترابية للمملكة,9,جبهة البوليساريو الانفصالية تحرض محتجزي تندوف ضد الوحدة الترابية للمملكة
ترتيب المغرب في التصنيف العالمي للتنمية البشرية يسائل القياس والمنهجية,9,ترتيب المغرب التصنيف العالمي للتنمية البشرية يسائل القياس والمنهجية
سفير باريس: جيش فرنسا تدخل ضد البوليساريو .. ومعاهِدنا حاضرة بالصحراء,9,سفير باريس جيش فرنسا تدخل ضد البوليساريو حاضرة بالصحراء
وهبي يعرض مستجدات المسطرة الجنائية,2,وهبي يعرض مستجدات المسطرة الجنائية
ذكرى محرر الأمة تجمع شخصيات مدنية وعسكرية بضريح محمد الخامس,2,ذكرى محرر الأمة تجمع شخصيات مدنية وعسكرية بضريح محمد الخامس
بايتاس: الحوار الاجتماعي ينطلق الثلاثاء .. 3 نقاط في التنمية البشرية مؤشر إيجابي,4,بايتاس الحوار الاجتماعي ينطلق الثلاثاء نقاط التنمية البشرية مؤشر إيجابي
الحكومة المغربية تطالب الاتحاد الأوروبي بحماية الشراكة من الاستفزازات,3,الحكومة المغربية تطالب الاتحاد الأوروبي بحماية الشراكة الاستفزازات
عجلة الحوار الاجتماعي بين الحكومة والنقابات تعود إلى الدوران في أبريل المقبل,3,عجلة الحوار الاجتماعي الحكومة والنقابات تعود الدوران المقبل
الادعاء الأوروبي يدعم إلغاء اتفاق الصيد,2,الادعاء الأوروبي يدعم إلغاء اتفاق الصيد
"إشكالات تواجه ترسيم الحدود البحرية بين المغرب وإسبانيا.. و""الكناري"" تترقب",2,إشكالات تواجه ترسيم الحدود البحرية المغرب وإسبانيا الكناري تترقب
العمراني يتباحث مع مديرة صندوق النقد,4,العمراني يتباحث مديرة صندوق النقد
سفير الصين يشيد بالعلاقات مع المغرب,2,سفير الصين يشيد بالعلاقات المغرب
بنطلحة يستعرض خلفيات احتجاج الجزائر على نزع ملكية العقارات بالرباط,4,بنطلحة يستعرض خلفيات احتجاج الجزائر نزع ملكية العقارات بالرباط
"""الدروس الحسنية الرمضانية"".. تجربة إسلامية فريدة في حوار السلطة والعلماء",5,الدروس الحسنية الرمضانية تجربة إسلامية فريدة حوار السلطة والعلماء
"""الأصالة والمعاصرة"" يجمد عضوية برلمانييْن‬",4,الأصالة والمعاصرة يجمد عضوية
قرض فرنسي لدعم التعليم بالمغرب يثير جدلا وسط تساؤلات عن تعميم الإنجليزية,10,قرض فرنسي لدعم التعليم بالمغرب يثير جدلا وسط تساؤلات تعميم الإنجليزية
الاتحاد المغربي للشغل يحتفي بذكرى الميلاد,1,الاتحاد المغربي للشغل يحتفي بذكرى الميلاد
"""الرمح القاتل"" .. صواريخ مرعبة حيّرت الروس تعزز ترسانة الجيش المغربي",2,الرمح القاتل صواريخ مرعبة الروس تعزز ترسانة الجيش المغربي
منظمة المرأة الاستقلالية تدعم المنصوري,3,منظمة المرأة الاستقلالية تدعم المنصوري
طي الخلافات يشغل قيادة حزب الاستقلال,4,طي الخلافات يشغل قيادة حزب الاستقلال
بعد تونس ومصر.. الاتحاد الأوروبي يحضّر لتوقيع اتفاقية للهجرة مع المغرب,5,تونس ومصر الاتحاد الأوروبي لتوقيع اتفاقية للهجرة المغرب
مهني: المغرب يتعاطف مع شعب القبائل,0,مهني المغرب يتعاطف شعب القبائل
النظام الداخلي للمجلس الأعلى للسلطة القضائية يصدر في الجريدة الرسمية,1,النظام الداخلي للمجلس الأعلى للسلطة القضائية يصدر الجريدة الرسمية
"العثماني: حسمنا مبكّرا في الموقف من النظام السياسي.. وهذه حكاية ""المصباح""",3,العثماني حسمنا الموقف النظام السياسي وهذه حكاية المصباح
أخنوش يترأس جلسة لإصلاح أنظمة التقاعد,4,أخنوش يترأس جلسة لإصلاح أنظمة التقاعد
"أمريكا توافق على اقتناء المغرب لمنظومة صواريخ ""جافلين"" المضادة للدروع",2,أمريكا توافق اقتناء المغرب لمنظومة صواريخ جافلين المضادة للدروع
الملك محمد السادس يهنئ الرئيس الروسي,9,الملك محمد السادس يهنئ الرئيس الروسي
"وثائق رسمية تفضح عدائية الجزائر في قضية ""نزع ملكية الممتلكات القنصلية""",9,وثائق رسمية تفضح عدائية الجزائر قضية نزع ملكية الممتلكات القنصلية
هذه خلفيات احتجاج الخارجية الجزائرية على قرار نزع ملكية عقارات في الرباط,9,خلفيات احتجاج الخارجية الجزائرية قرار نزع ملكية عقارات الرباط
"بعد تقرير ""مجلس العدوي"".. فيدرالية اليسار ترسم صورة قاتمة عن الأحزاب",9,تقرير مجلس العدوي فيدرالية اليسار ترسم صورة قاتمة الأحزاب
تقرير يستحضر مركزية قضية الصحراء في العلاقات المغربية الفرنسية,9,تقرير يستحضر مركزية قضية الصحراء العلاقات المغربية الفرنسية
‎أخنوش يترأس جلسة حول منظومة التعليم,3,يترأس جلسة حول منظومة التعليم
"وهبي يطمئن موظفي العدل بشأن ""البوانتاج""",2,وهبي يطمئن موظفي العدل بشأن البوانتاج
نائب رئيس جامعة إسلامية بالهند يستحضر أمام الملك أهمية الدعوة الدينية,1,نائب رئيس جامعة إسلامية بالهند يستحضر الملك أهمية الدعوة الدينية
مصدر دبلوماسي يوضح حقيقة مصادرة ممتلكات السفارة الجزائرية بالرباط,5,مصدر دبلوماسي يوضح حقيقة مصادرة ممتلكات السفارة الجزائرية بالرباط
مجلس الحكومة يتدارس المسطرة الجنائية,6,مجلس الحكومة يتدارس المسطرة الجنائية
الملك يترأس بالرباط الدرس الحسني الثاني,1,الملك يترأس بالرباط الدرس الحسني الثاني
"رابطة نسائية تعلن رفض ""عنف السياسة""",4,رابطة نسائية تعلن رفض عنف السياسة
"بقاء بوتين على رأس ""الكرملين"" يضمن استدامة العلاقات المغربية الروسية",10,بقاء بوتين رأس الكرملين يضمن استدامة العلاقات المغربية الروسية
"""تكتم مجلس المنافسة"" يسائل الالتزامات بالحق في الحصول على المعلومة",1,تكتم مجلس المنافسة يسائل الالتزامات بالحق الحصول المعلومة
"لشكر يختار الصمت في ""دعم الدراسات""",2,لشكر يختار الصمت دعم الدراسات
الحكومة تتوخى تعزيز شفافية الطلبيات العمومية عبر إحداث مرصد خاص,4,الحكومة تتوخى تعزيز شفافية الطلبيات العمومية عبر إحداث مرصد خاص
حلف شمال الأطلسي يراهن على الخبرات المغربية في مواجهة الإرهابيين,5,حلف الأطلسي يراهن الخبرات المغربية مواجهة الإرهابيين
الجزائر تغضب من نزع ملكية عقارات لأجل المنفعة العامة في مدينة الرباط,4,الجزائر تغضب نزع ملكية عقارات لأجل المنفعة العامة مدينة الرباط
حزب الاستقلال يسارع الزمن لتجاوز الخلافات قبل محطة المؤتمر أواخر أبريل,4,حزب الاستقلال يسارع الزمن لتجاوز الخلافات محطة المؤتمر أواخر
مفاوضات ليبية في المغرب تبحث تحسين أوضاع أهالي المنطقة الجنوبية,5,مفاوضات ليبية المغرب تبحث تحسين أوضاع أهالي المنطقة الجنوبية
الظرفية الدولية تقرب المغرب من التوسط لإنهاء الحرب في قطاع غزة,8,الظرفية الدولية تقرب المغرب التوسط لإنهاء الحرب قطاع غزة
العثماني: هكذا أمضيت سجني في درب مولاي الشريف.. ضربٌ وتقييد بالأصفاد,1,العثماني أمضيت سجني درب مولاي الشريف وتقييد بالأصفاد
"""سومار"" الإسباني يسحب مشروع قانون تجنيس مواليد الصحراء المغربية",0,سومار الإسباني يسحب مشروع قانون تجنيس مواليد الصحراء المغربية
"الأمين العام لحلف ""الناتو"" يؤكد التنسيق مع المغرب في مكافحة الإرهاب",0,الأمين العام لحلف الناتو يؤكد التنسيق المغرب مكافحة الإرهاب
"حزب ""فوكس"" الإسباني.. صوت نشاز وسط دينامية شراكات الرباط ومدريد",9,حزب فوكس الإسباني صوت نشاز وسط دينامية شراكات الرباط ومدريد
صفقات الدراسات تغضب قيادات اتحادية,9,صفقات الدراسات تغضب قيادات اتحادية
"من ""الطباسل"" إلى ""التصرفيق"" .. ماذا يحصل داخل حزب الاستقلال العريق؟",1,الطباسل التصرفيق يحصل داخل حزب الاستقلال
اليهود المغاربة يثمنون المبادرات الملكية,2,اليهود المغاربة يثمنون المبادرات الملكية
المغرب ينادي بمكافحة جماعية للمخدرات,4,المغرب ينادي بمكافحة جماعية للمخدرات
"بنطلحة يستعرض سياقات ""سوء الفهم الكبير"" بين المغرب وجنوب إفريقيا",9,بنطلحة يستعرض سياقات سوء الفهم الكبير المغرب وجنوب إفريقيا
"""ترانسبرانسي"" تنتقد إجراء المساهمة الإبرائية",3,ترانسبرانسي تنتقد إجراء المساهمة الإبرائية
"تمويل الانفصال والإرهاب يصنف الجزائر ""الأكثر بؤسا"" في المغرب الكبير",4,تمويل الانفصال والإرهاب يصنف الجزائر الأكثر المغرب الكبير
خلاصات اجتماع تأهيل مناطق زلزال الحوز,0,خلاصات اجتماع تأهيل مناطق زلزال الحوز
"فرنسا تشيد بالأمن المغربي بعد اعتقال زعيم مافيا ""يودا مارسيليا""",9,فرنسا تشيد بالأمن المغربي اعتقال زعيم مافيا يودا مارسيليا
تجارب جديدة تكشف قدرات درونات انتحارية بحوزة القوات المسلحة الملكية,3,تجارب جديدة تكشف قدرات درونات انتحارية بحوزة القوات المسلحة الملكية
يعقوبي يفتح باب الترشيح لخلافة أغلالو,2,يعقوبي يفتح باب الترشيح لخلافة أغلالو
بووانو يطلب توضيحات وزيرة الاقتصاد,4,بووانو يطلب توضيحات وزيرة الاقتصاد
"""البام"" يخطط لرئاسة مجلس النواب في النصف الثاني من الولاية التشريعية",5,البام يخطط لرئاسة مجلس النواب النصف الثاني الولاية التشريعية
"غموض يلف ""خوصصة"" بنايات الصحة",6,غموض يلف خوصصة بنايات الصحة
مشاريع التزويد بالماء تستنفر الحكومة .. والتقائية السياسات تحدد الأولويات,0,مشاريع التزويد بالماء تستنفر الحكومة والتقائية السياسات تحدد الأولويات
خطيب الأقصى: التعاطف المغربي صادق,0,خطيب الأقصى التعاطف المغربي صادق
"المغرب يعرض ""قرار الذكاء الاصطناعي""",0,المغرب يعرض قرار الذكاء الاصطناعي
"العثماني: وفاة باها طبيعية .. والثقافة طريق السياسة للانتصار على ""التحكم""",0,العثماني وفاة باها طبيعية والثقافة طريق السياسة للانتصار التحكم
إدخال مساعدات المغرب إلى غزة برا يكشف استمرار علاقات الرباط وتل أبيب,7,إدخال مساعدات المغرب غزة برا يكشف استمرار علاقات الرباط وتل أبيب
هذه أبرز خلاصات اجتماع مجلس الحكومة,0,أبرز خلاصات اجتماع مجلس الحكومة
"المغرب يطلق ""عملية إنسانية"" في القدس",6,المغرب يطلق عملية إنسانية القدس
بايتاس: الإمكانيات المائية بالمغرب ضئيلة.. وتموين الأسواق بالخضر مضمون,4,بايتاس الإمكانيات المائية بالمغرب ضئيلة وتموين الأسواق بالخضر مضمون
فرنسا تشيد بإدخال المغرب مساعدات لفلسطين,4,فرنسا تشيد بإدخال المغرب مساعدات لفلسطين
"""مؤشر الإرهاب العالمي"" يصنف المغرب ضمن قائمة الدول الأكثر أمانا",0,مؤشر الإرهاب العالمي يصنف المغرب ضمن قائمة الدول الأكثر أمانا
القنصلية الأمريكية بمدينة الداخلة .. وعد إستراتيجي يترقب التنزيل الميداني,7,القنصلية الأمريكية بمدينة الداخلة وعد إستراتيجي يترقب التنزيل الميداني
"حماة المال العام ينتظرون من الأحزاب إعادة ""أموال الدراسات"" إلى الدولة",0,حماة المال العام ينتظرون الأحزاب إعادة أموال الدراسات الدولة
فعاليات مغربية تؤسس تنسيقية دولية لمطالبة الجزائر بالصحراء الشرقية,7,فعاليات مغربية تؤسس تنسيقية دولية لمطالبة الجزائر بالصحراء الشرقية
تسجيل صوتي يزيد خلاف الاستقلاليين,7,تسجيل صوتي يزيد خلاف الاستقلاليين
برلمانيات مغربيات ينشطن في نيويورك,7,برلمانيات مغربيات ينشطن نيويورك
تعيينات جديدة بمواقع المسؤولية الأمنية,7,تعيينات جديدة بمواقع المسؤولية الأمنية
أخنوش يرأس اجتماع لجنة التزويد بالماء‬,7,أخنوش يرأس اجتماع لجنة التزويد
"""الكلمة المسموعة"" للمغرب توصل ""مساعدات غزة"" عبر طريق بري غير مسبوق",7,الكلمة المسموعة للمغرب توصل مساعدات غزة عبر طريق بري مسبوق
نظام العسكر في الجزائر يخصص مقراً للأيتام لاحتضان الحزب الريفي الوهمي,0,نظام العسكر الجزائر يخصص للأيتام لاحتضان الحزب الريفي الوهمي
منظمة التحرير: الشعب الفلسطيني يقدر كثيرا جهود الملك محمد السادس,7,منظمة التحرير الشعب الفلسطيني يقدر جهود الملك محمد السادس
تبون يزور باريس .. مناورة سياسية جزائرية أم استمرار للتوازنات الفرنسية؟,6,تبون يزور باريس مناورة سياسية جزائرية استمرار للتوازنات
تسلم الرباط إدارة الأجواء في الصحراء المغربية يدفع البوليساريو إلى التخبط,5,تسلم الرباط إدارة الأجواء الصحراء المغربية يدفع البوليساريو التخبط
"بعد ""واقعة الصفع"" .. الخلافات الداخلية توتر الأعصاب في حزب الاستقلال",0,واقعة الصفع الخلافات الداخلية توتر الأعصاب حزب الاستقلال
الجعبري: ملك المغرب يقف بجانب غزة,0,الجعبري ملك المغرب يقف بجانب غزة
رهانات المبادرة الأطلسية المغربية تحصد الإشادة في منطقة أمريكا اللاتينية,3,رهانات المبادرة الأطلسية المغربية تحصد الإشادة منطقة أمريكا اللاتينية
"العثماني: لا أُشبه عبد الإله بنكيران .. وأتمسك بمقولة ""حل الروبيني ينزل الما""",3,العثماني عبد الإله بنكيران وأتمسك بمقولة حل الروبيني ينزل الما
"""فتح"" تثمن دعم المغرب لشعب فلسطين",0,فتح تثمن دعم المغرب لشعب فلسطين
الملك محمد السادس يهنئ رئيس باكستان,3,الملك محمد السادس يهنئ رئيس باكستان
الشوبكي: مساعدة غزة تعكس إنسانية الملك,5,الشوبكي مساعدة غزة تعكس إنسانية الملك
طموح روسيا لحل النزاعات العربية يقود المبعوث الأممي للصحراء إلى موسكو,1,طموح روسيا لحل النزاعات العربية يقود المبعوث الأممي للصحراء موسكو
منظمة تنتصب طرفا ضد مسؤول حكومي,0,منظمة تنتصب طرفا ضد مسؤول حكومي
الملك محمد السادس يأمر بتوزيع مساعدة إنسانية لسكان غزة والقدس الشريف,5,الملك محمد السادس يأمر بتوزيع مساعدة إنسانية لسكان غزة والقدس الشريف
تشدد الجيش المغربي في مكافحة الإرهاب يزرع الرعب وسط جبهة البوليساريو,1,تشدد الجيش المغربي مكافحة الإرهاب يزرع الرعب وسط جبهة البوليساريو
"اتفاق بين أحزاب الأغلبية يبقي منصب عمودية العاصمة في يد ""الأحرار""",5,اتفاق أحزاب الأغلبية يبقي منصب عمودية العاصمة يد الأحرار
المغرب يشارك في إنزال المساعدات بغزة,10,المغرب يشارك إنزال المساعدات بغزة
رئيس السنغال يستعد للاستقرار بالمغرب,1,رئيس السنغال يستعد للاستقرار بالمغرب
"حزب الأصالة والمعاصرة يتصدر مواجهي طرح ""البيجيدي"" في مدونة الأسرة",1,حزب الأصالة والمعاصرة يتصدر مواجهي طرح البيجيدي مدونة الأسرة
البوليساريو تستغل الخطاب الديني المتطرف في تجييش المحتجزين بتندوف,1,البوليساريو تستغل الخطاب الديني المتطرف تجييش المحتجزين بتندوف
الفريق الاستقلالي يطالب بإعفاء مستشار وتوقيف المتورطين في واقعة الصفع,3,الفريق الاستقلالي يطالب بإعفاء مستشار وتوقيف المتورطين واقعة الصفع
"أبو الغالي من الرحامنة: حداثيون وديمقراطيون على ""سنة الله ورسوله""",0,الغالي الرحامنة حداثيون وديمقراطيون سنة الله ورسوله
"المغرب ودول أمريكا اللاتينية.. تحديات سياسية تستدعي ""دبلوماسية براغماتية""",4,المغرب ودول أمريكا اللاتينية تحديات سياسية تستدعي دبلوماسية براغماتية
الطوب: أعيش ظروفا نفسية صعبة.. ولن أتنازل عن شكايتي ضد أبطوي,1,الطوب أعيش ظروفا نفسية صعبة ولن أتنازل شكايتي ضد أبطوي
مباحثات تجمع ميارة وسفيرة كندا بالمغرب,3,مباحثات تجمع ميارة وسفيرة كندا بالمغرب
خلاف الإسلاميين واليساريين حول المدونة يعيد سيناريو المسيرات إلى الواجهة,0,خلاف الإسلاميين واليساريين حول المدونة يعيد سيناريو المسيرات الواجهة
نقابة تندد بقصف مقر اتحاد العمال بغزة,10,نقابة تندد بقصف مقر اتحاد العمال بغزة
بايدن يستقبل سفير المغرب في واشنطن,10,بايدن يستقبل سفير المغرب واشنطن
تدابير تواكب تطور سوق الملح في المغرب,2,تدابير تواكب تطور سوق الملح المغرب
ميارة ينوه بالعلاقات الأخوية مع الكويت,9,ميارة ينوه بالعلاقات الأخوية الكويت
حموشي يجري مباحثات بالمملكة المتحدة,4,حموشي يجري مباحثات بالمملكة المتحدة
"الإرهاب و""المبادرة الأطلسية المغربية"" يبعدان موريتانيا عن المناورات الجزائرية",5,الإرهاب المبادرة الأطلسية المغربية يبعدان موريتانيا المناورات الجزائرية
خطوة مشروع حقوقي مغاربي تنتظر الدعم,2,خطوة مشروع حقوقي مغاربي تنتظر الدعم
تقرير المجلس الأعلى للحسابات يلقي حجرا ثقيلا في بركة السياسة بالمغرب,0,تقرير المجلس الأعلى للحسابات يلقي حجرا ثقيلا بركة السياسة بالمغرب
بنطلحة يدعو صناع استراتيجيات الردع إلى الاعتناء بسيكولوجية اتخاذ القرار‬,5,بنطلحة يدعو صناع استراتيجيات الردع الاعتناء بسيكولوجية اتخاذ
ميارة يستقبل سفير جمهورية الفلبين بالمغرب,0,ميارة يستقبل سفير جمهورية الفلبين بالمغرب
سفير المغرب يقدم أوراق اعتماده بأبوظبي,0,سفير المغرب يقدم أوراق اعتماده بأبوظبي
بوريطة: التزام المغرب بدعم فلسطين ثابت وملموس ولا يخضع للمزايدات,8,بوريطة التزام المغرب بدعم فلسطين ثابت وملموس يخضع للمزايدات
الملك محمد السادس يثمن التعاون مع غانا,0,الملك محمد السادس يثمن التعاون غانا
الجيش المغربي يختبر القدرات الحقيقية لطائرة عسكرية برازيلية متعددة المهام,0,الجيش المغربي يختبر القدرات الحقيقية لطائرة عسكرية برازيلية متعددة المهام
عمر هلال يسير القمة الاجتماعية العالمية,0,عمر هلال يسير القمة الاجتماعية العالمية
"""صفع برلماني"" يتفاعل بحزب الاستقلال",0,صفع برلماني يتفاعل بحزب الاستقلال
"بن الشيخ : الفرنسيون يحبون المغرب .. و""الفرنكوفونية"" تراث مشترك للبلدين",0,بن الشيخ الفرنسيون يحبون المغرب الفرنكوفونية تراث مشترك للبلدين
الشراكة العسكرية المغربية الألمانية تعزز مخطط الرباط في الصناعة الدفاعية,8,الشراكة العسكرية المغربية الألمانية تعزز مخطط الرباط الصناعة الدفاعية
"""سيبيرانية"" الدبلوماسية المغربية تصطدم بتأخر الرقمنة وتحديات الاختراق",8,سيبيرانية الدبلوماسية المغربية تصطدم بتأخر الرقمنة وتحديات الاختراق
مباحثات ثنائية تجمع بين بنسعيد ووزير كيني,8,مباحثات ثنائية تجمع بنسعيد ووزير كيني
"""اتحاد مغاربي من 3 دول"" .. مناورة جزائرية تستهدف تقسيم بلدان المنطقة",8,اتحاد مغاربي دول مناورة جزائرية تستهدف تقسيم بلدان المنطقة
المغرب يجدد التضامن الكامل مع فلسطين,0,المغرب يجدد التضامن الكامل فلسطين
"شكاية إلى النيابة العامة تطالب بالتحقيق مع زعماء أحزاب في ""دعم الدراسات""",0,شكاية النيابة العامة تطالب بالتحقيق زعماء أحزاب دعم الدراسات
السيدة الأولى لكوت ديفوار تحل بالمغرب,0,السيدة الأولى لكوت ديفوار تحل بالمغرب
حزب الاستقلال يستعد للمؤتمر الثامن عشر,8,حزب الاستقلال يستعد للمؤتمر الثامن
"حصيلة تخفيف آثار البرد في ""مناطق الزلزال""",8,حصيلة تخفيف آثار البرد مناطق الزلزال
تبون يحاول توريط موريتانيا في تنسيق جديد,7,تبون يحاول توريط موريتانيا تنسيق جديد
مدونة الأسرة توتر علاقة بنكيران وبنعبد الله,0,مدونة الأسرة توتر علاقة بنكيران وبنعبد الله
"العلمي: البرلمان المغربي يتطلع إلى ""تعميق الشراكة"" مع مجلس أوروبا",4,العلمي البرلمان المغربي يتطلع تعميق الشراكة مجلس أوروبا
"تعديل مدونة الأسرة ينعش خطاب ""البيجيدي"" رغم استمرار الخلاف الحزبي",5,تعديل مدونة الأسرة ينعش خطاب البيجيدي رغم استمرار الخلاف الحزبي
تقرير يسجل تعزيز المبادرة الأطلسية لمكانة إفريقيا في الاقتصاد العالمي,5,تقرير يسجل تعزيز المبادرة الأطلسية لمكانة إفريقيا الاقتصاد العالمي
الكنبوري يرصد الحاجة إلى إمارة المؤمنين لصون الاستقرار الديني بالمغرب,0,الكنبوري يرصد الحاجة إمارة المؤمنين لصون الاستقرار الديني بالمغرب
البرلمان يحتضن ندوة دولية لتقييم القوانين,0,البرلمان يحتضن ندوة دولية لتقييم القوانين
"الصحة والماء تستأثران بعناية ""شبيبة الأحرار""",5,الصحة والماء تستأثران بعناية شبيبة الأحرار
"النظام العسكري الجزائري يُصر على دق المسامير في نعش ""الاتحاد المغاربي""",8,النظام العسكري الجزائري دق المسامير نعش الاتحاد المغاربي
التعاون العسكري يجمع المغرب وألمانيا,8,التعاون العسكري يجمع المغرب وألمانيا
حموني: تصريحات بنكيران تحرض على الفتنة,8,حموني تصريحات بنكيران تحرض الفتنة
"""صفعة الاستقلال"" تعيد النقاش حول ظاهرة العنف داخل الأحزاب المغربية",8,صفعة الاستقلال تعيد النقاش حول ظاهرة العنف داخل الأحزاب المغربية
مغاربة يطلقون عريضة إلكترونية للدعوة إلى القطيعة بين الرباط وتل أبيب,8,مغاربة يطلقون عريضة إلكترونية للدعوة القطيعة الرباط وتل أبيب
جدول أعمال مجلس الحكومة الخميس المقبل,8,جدول أعمال مجلس الحكومة الخميس المقبل
"الجزائر وإيران يعلنان ""تطابق التصورات"" في التحرش بمغربية الصحراء",8,الجزائر وإيران يعلنان تطابق التصورات التحرش بمغربية الصحراء
"الانتقاد يطال دعم ""الدراسات الاتحادية"" .. ولشكر: موقف دون الصفة التنظيمية",7,الانتقاد يطال دعم الدراسات الاتحادية ولشكر موقف الصفة التنظيمية
"المغرب يتقدم في ترتيب ""القوة الناعمة""",7,المغرب يتقدم ترتيب القوة الناعمة
"فرنسا تقترب من مغادرة ""المنطقة الرمادية"" في قضية الصحراء المغربية",5,فرنسا تقترب مغادرة المنطقة الرمادية قضية الصحراء المغربية
إلزام الأئمة باللغة والعلمانية في فرنسا يربك مستقبل التعاون الديني مع المغرب,7,إلزام الأئمة باللغة والعلمانية فرنسا يربك مستقبل التعاون الديني المغرب
"الخليفة يحذر المغاربة من اتفاقية ""سيداو""",7,الخليفة يحذر المغاربة اتفاقية سيداو
"""البيجيدي"" ينفي التنسيق مع حزب الاتحاد الاشتراكي لإسقاط ""حكومة أخنوش""",7,البيجيدي ينفي التنسيق حزب الاتحاد الاشتراكي لإسقاط حكومة أخنوش
المغرب يحبط مناورة بالبرلمان الأوروبي,7,المغرب يحبط مناورة بالبرلمان الأوروبي
"""الصفع"" يوقف قياديين بحزب الاستقلال",0,الصفع يوقف قياديين بحزب الاستقلال
"بنكيران يلوح بـ""مسيرة مليونية"" أمام خلاصات لجنة تعديل مدونة الأسرة",6,بنكيران يلوح بـ مسيرة مليونية خلاصات لجنة تعديل مدونة الأسرة
البديوي وبوريطة يوقعان اتفاقية ثقافية,4,البديوي وبوريطة يوقعان اتفاقية ثقافية
تحركات انفصالية تسبق تسليم إسبانيا إدارة المجال الجوي للصحراء إلى المغرب,4,تحركات انفصالية تسبق تسليم إسبانيا إدارة المجال الجوي للصحراء المغرب
دول الخليج تشيد بمبادرة الملك الأطلسية,8,دول الخليج تشيد بمبادرة الملك الأطلسية
"المغرب يدين بشدة ""مجزرة شارع الرشيد""",4,المغرب يدين بشدة مجزرة شارع الرشيد
سفير المغرب يقدم أوراق اعتماده في الأردن,8,سفير المغرب يقدم أوراق اعتماده الأردن
التعاون الخليجي يجدد دعم مغربية الصحراء,7,التعاون الخليجي يجدد دعم مغربية الصحراء
الملك يرسل برقية تهنئة إلى رئيس بلغاريا,7,الملك يرسل برقية تهنئة رئيس بلغاريا
صفع برلماني في المجلس الوطني للاستقلال .. والقيادة تتشبث بفضيلة الحوار,6,صفع برلماني المجلس الوطني للاستقلال والقيادة تتشبث بفضيلة الحوار
بنطلحة يستحضر ضرورة نشر الوعي المعرفي بعدالة قضية الصحراء المغربية,5,بنطلحة يستحضر ضرورة نشر الوعي المعرفي بعدالة قضية الصحراء المغربية
"بايتاس ينتقد استخدام ""البيجيدي"" للعنف اللفظي وتسفيه المجهود الحكومي",4,بايتاس ينتقد استخدام البيجيدي للعنف اللفظي وتسفيه المجهود الحكومي
الخارجية الأمريكية: المغرب فضاء للاستقرار,4,الخارجية الأمريكية المغرب فضاء للاستقرار
"""نساء الأحرار"": تمكين المرأة مطلب ضروري.. والدعم المباشر يصون كرامة الأسر",4,نساء الأحرار تمكين المرأة مطلب ضروري والدعم المباشر يصون كرامة الأسر
"رئيس ""المينورسو"" يلتقي بالرباط سفراء الدول دائمة العضوية بمجلس الأمن",3,رئيس المينورسو يلتقي بالرباط سفراء الدول دائمة العضوية بمجلس الأمن
"بنخضراء تُشيد برعاية أوراش ""الدولة الاجتماعية"" لقضايا الأسرة المغربية",5,بنخضراء برعاية أوراش الدولة الاجتماعية لقضايا الأسرة المغربية
"""البام"" يوضح وضعية مركز الدراسات",9,البام يوضح وضعية مركز الدراسات
